<?xml version="1.0" encoding="UTF-8"?>
<project-private xmlns="http://www.netbeans.org/ns/project-private/1">
    <editor-bookmarks xmlns="http://www.netbeans.org/ns/editor-bookmarks/2" lastBookmarkId="0"/>
    <open-files xmlns="http://www.netbeans.org/ns/projectui-open-files/2">
        <group>
            <file>file:/E:/CODE/JAVA/JAVA_SWING_GUI/rappidCart/src/pop_up/unsuccessfull_window.java</file>
            <file>file:/E:/CODE/JAVA/JAVA_SWING_GUI/rappidCart/src/rappidcart/loading_page.java</file>
            <file>file:/E:/CODE/JAVA/JAVA_SWING_GUI/rappidCart/src/rappidcart/signup.java</file>
            <file>file:/E:/CODE/JAVA/JAVA_SWING_GUI/rappidCart/src/rappidcart/RappidCart.java</file>
            <file>file:/E:/CODE/JAVA/JAVA_SWING_GUI/rappidCart/src/rappidcart/database.java</file>
            <file>file:/E:/CODE/JAVA/JAVA_SWING_GUI/rappidCart/src/rappidcart/login.java</file>
            <file>file:/E:/CODE/JAVA/JAVA_SWING_GUI/rappidCart/src/seller/dash_board.java</file>
            <file>file:/E:/CODE/JAVA/JAVA_SWING_GUI/rappidCart/src/pop_up/successfull_window.java</file>
        </group>
    </open-files>
</project-private>
